[{"id":"r1","name":"Test","address":"Teststreet 5, Testcity","cuisine":"Italian","website":"https://mytest.com","description":"It's awesome!"},{"id":"r2","name":"박상진","address":"namdong-gu","cuisine":"chinese","website":"https://naver.com","description":"csc"},{"name":"sangjin","address":"incheon","cuisine":"korean","website":"https://tacobell.com","description":"ffff","id":"ef695344-ad6f-4152-a85b-9d3bef05069c"},{"name":"박상진","address":"316 st","cuisine":"chinese","website":"https://tacobell.com","description":"sdsd","id":"kor2"}]