[{"id":"r1","name":"Test","address":"Teststreet 5, Testcity","cuisine":"Italian","website":"https://mytest.com","description":"It's awesome!"},{"id":"r2","name":"Test 2","address":"Teststreet 10, Testcity 2","cuisine":"Indian","website":"https://mygreattest.com","description":"It's also amazing!"},{"id":"r3","name":"Restaurant 3","address":"Awesomestreet 5, Mycity","cuisine":"German","website":"https://awesome.com","description":"It's amazing! Of course!"},{"id":"r4","name":"Munich Fines Restaurant","address":"Greatstreet 5, Munich","cuisine":"German","website":"https://munich-awesome.com","description":"It's in Munich, that's where I live!"},{"name":"박상진","address":"incheon","cuisine":"korean","website":"https://tacobell.com","description":"tacotaco","id":"4f4ae971-82f7-427b-92a1-d49c5461f7c8"},{"name":"ezen computer","address":"guwol-dong","cuisine":"chinese","website":"https://ezwn.com","description":"r3w","id":"d33a2549-a279-443c-96b9-518254083a60"},{"name":"ezen computer","address":"ㄱㄱㄱ","cuisine":"japanese","website":"https://naver.com","description":"rrrrr","id":"XZED07Iz-"},{"name":"hey","address":"guwol-dong","cuisine":"japanese","website":"https://google.com","description":"dd","id":1},{"name":"박상진","address":"guwol-dong","cuisine":"chinese","website":"https://ezwn.com","description":"awfaw","id":"a2"}]