[{"name":"Test","address":"Teststreet 5, Testcity","cuisine":"Italian","website":"https://mytest.com","description":"It's awesome!"},{"name":"Test 2","address":"Teststreet 10, Testcity 2","cuisine":"Indian","website":"https://mygreattest.com","description":"It's also amazing!"},{"name":"박상진","address":"guwol-dong","cuisine":"japanese","website":"https://naver.com","description":"sgedg"},{"name":"SANGJIN PARK","address":"namdong-gu","cuisine":"mexi","website":"https://tacobell.com","description":"like"}]